{"labels": [{"width": 125, "height": 125, "x": 220, "y": 35, "class": "0"}, {"width": 38, "height": 38, "x": 260, "y": 176, "class": "0"}, {"width": 188, "height": 188, "x": 421, "y": 0, "class": "0"}, {"width": 171, "height": 171, "x": 332, "y": 127, "class": "0"}, {"width": 171, "height": 171, "x": 307, "y": 255, "class": "0"}, {"width": 141, "height": 141, "x": 249, "y": 176, "class": "0"}, {"width": 207, "height": 207, "x": 154, "y": 326, "class": "0"}, {"width": 207, "height": 207, "x": 0, "y": 265, "class": "0"}]}