{"labels": [{"width": 268, "height": 268, "x": 118, "y": 575, "class": "0"}, {"width": 35, "height": 35, "x": 129, "y": 263, "class": "0"}, {"width": 42, "height": 42, "x": 0, "y": 433, "class": "0"}, {"width": 29, "height": 29, "x": 383, "y": 426, "class": "0"}, {"width": 188, "height": 188, "x": 46, "y": 88, "class": "0"}, {"width": 128, "height": 128, "x": 549, "y": 199, "class": "0"}, {"width": 244, "height": 244, "x": 441, "y": 0, "class": "0"}, {"width": 222, "height": 222, "x": 335, "y": 311, "class": "0"}, {"width": 222, "height": 222, "x": 156, "y": 242, "class": "0"}, {"width": 244, "height": 244, "x": 34, "y": 445, "class": "0"}]}