{"labels": [{"width": 133, "height": 143, "x": 611, "y": 429, "class": "0"}, {"width": 1326, "height": 877, "x": 0, "y": 0, "class": "0"}, {"width": 60, "height": 60, "x": 480, "y": 705, "class": "0"}, {"width": 31, "height": 31, "x": 872, "y": 165, "class": "0"}, {"width": 21, "height": 21, "x": 746, "y": 219, "class": "0"}, {"width": 28, "height": 28, "x": 975, "y": 312, "class": "0"}, {"width": 28, "height": 28, "x": 866, "y": 328, "class": "0"}, {"width": 41, "height": 41, "x": 1077, "y": 299, "class": "0"}, {"width": 41, "height": 41, "x": 1108, "y": 391, "class": "0"}, {"width": 60, "height": 60, "x": 888, "y": 733, "class": "0"}]}