{"labels": [{"width": 53, "height": 53, "x": 330, "y": 251, "class": "0"}, {"width": 106, "height": 106, "x": 309, "y": 136, "class": "0"}, {"width": 117, "height": 117, "x": 275, "y": 49, "class": "0"}, {"width": 129, "height": 129, "x": 370, "y": 0, "class": "0"}, {"width": 141, "height": 141, "x": 441, "y": 102, "class": "0"}, {"width": 156, "height": 156, "x": 34, "y": 59, "class": "0"}, {"width": 171, "height": 171, "x": 120, "y": 114, "class": "0"}, {"width": 228, "height": 228, "x": 587, "y": 533, "class": "0"}, {"width": 251, "height": 251, "x": 717, "y": 636, "class": "0"}, {"width": 156, "height": 156, "x": 362, "y": 271, "class": "0"}, {"width": 228, "height": 228, "x": 413, "y": 319, "class": "0"}, {"width": 304, "height": 304, "x": 373, "y": 577, "class": "0"}, {"width": 304, "height": 304, "x": 12, "y": 493, "class": "0"}, {"width": 334, "height": 334, "x": 82, "y": 284, "class": "0"}, {"width": 251, "height": 251, "x": 1109, "y": 796, "class": "0"}, {"width": 334, "height": 334, "x": 871, "y": 881, "class": "0"}, {"width": 304, "height": 304, "x": 213, "y": 1323, "class": "0"}, {"width": 171, "height": 171, "x": 371, "y": 1825, "class": "0"}, {"width": 334, "height": 334, "x": 561, "y": 1204, "class": "0"}, {"width": 334, "height": 334, "x": 407, "y": 1047, "class": "0"}, {"width": 368, "height": 368, "x": 180, "y": 971, "class": "0"}, {"width": 207, "height": 207, "x": 106, "y": 1484, "class": "0"}, {"width": 276, "height": 276, "x": 0, "y": 1286, "class": "0"}, {"width": 304, "height": 304, "x": 1198, "y": 1159, "class": "0"}, {"width": 276, "height": 276, "x": 668, "y": 1518, "class": "0"}, {"width": 368, "height": 368, "x": 498, "y": 1656, "class": "0"}, {"width": 276, "height": 276, "x": 879, "y": 1769, "class": "0"}, {"width": 334, "height": 334, "x": 907, "y": 1549, "class": "0"}, {"width": 334, "height": 334, "x": 1434, "y": 1598, "class": "0"}, {"width": 171, "height": 171, "x": 1714, "y": 2035, "class": "0"}, {"width": 171, "height": 171, "x": 1808, "y": 1896, "class": "0"}, {"width": 96, "height": 96, "x": 1882, "y": 2190, "class": "0"}, {"width": 117, "height": 117, "x": 1800, "y": 2196, "class": "0"}, {"width": 251, "height": 251, "x": 1225, "y": 2209, "class": "0"}, {"width": 188, "height": 188, "x": 1458, "y": 2226, "class": "0"}, {"width": 276, "height": 276, "x": 1457, "y": 2043, "class": "0"}, {"width": 368, "height": 368, "x": 1108, "y": 1702, "class": "0"}, {"width": 304, "height": 304, "x": 1217, "y": 1984, "class": "0"}, {"width": 334, "height": 334, "x": 1402, "y": 1845, "class": "0"}, {"width": 445, "height": 445, "x": 955, "y": 1306, "class": "0"}]}